{"assets/icons/ic_launcher.png":["assets/icons/ic_launcher.png"],"assets/icons/logo-sm-dark.png":["assets/icons/logo-sm-dark.png"],"assets/icons/logo-sm-dark.svg":["assets/icons/logo-sm-dark.svg"],"assets/images/offline.png":["assets/images/offline.png"],"packages/awesome_notifications/test/assets/images/test_image.png":["packages/awesome_notifications/test/assets/images/test_image.png"],"packages/cupertino_icons/assets/CupertinoIcons.ttf":["packages/cupertino_icons/assets/CupertinoIcons.ttf"],"packages/flutter_inappwebview/assets/t_rex_runner/t-rex.css":["packages/flutter_inappwebview/assets/t_rex_runner/t-rex.css"],"packages/flutter_inappwebview/assets/t_rex_runner/t-rex.html":["packages/flutter_inappwebview/assets/t_rex_runner/t-rex.html"],"packages/flutter_inappwebview_web/assets/web/web_support.js":["packages/flutter_inappwebview_web/assets/web/web_support.js"]}